{
  "timestamp": "2026-05-13T22:20:01.111826",
  "metadata": {
    "sensor_ranges": [
      0,
      1023
    ],
    "duration_seconds": 10,
    "num_samples": 741,
    "preparation_time": 5,
    "notes": "Metadata section is preserved but not used when loading calibration. See 'calibration' section for actual sensor statistics."
  },
  "calibration": {
    "sensor_0": {
      "min": 1958.5,
      "max": 4095.0,
      "range": 2136.5,
      "open_mean": 3713.5380577427823,
      "fist_mean": 2288.9166666666665,
      "open_std": 220.5258589572871,
      "fist_std": 424.19020507735144,
      "observed_min": 1563.0,
      "observed_max": 4095.0
    },
    "sensor_1": {
      "min": 1873.1,
      "max": 3799.0,
      "range": 1925.9,
      "open_mean": 3459.551181102362,
      "fist_mean": 2132.4583333333335,
      "open_std": 208.00874381905265,
      "fist_std": 295.4348637258903,
      "observed_min": 1641.0,
      "observed_max": 4095.0
    },
    "sensor_2": {
      "min": 1088.0,
      "max": 4095.0,
      "range": 3007.0,
      "open_mean": 3959.412073490814,
      "fist_mean": 1400.0555555555557,
      "open_std": 120.24282782486821,
      "fist_std": 650.7972759608165,
      "observed_min": 947.0,
      "observed_max": 4095.0
    },
    "sensor_3": {
      "min": 1385.9,
      "max": 4095.0,
      "range": 2709.1,
      "open_mean": 3792.4356955380576,
      "fist_mean": 1766.963888888889,
      "open_std": 164.93839100627434,
      "fist_std": 608.7308101693707,
      "observed_min": 1296.0,
      "observed_max": 4095.0
    },
    "sensor_4": {
      "min": 964.0,
      "max": 3963.0,
      "range": 2999.0,
      "open_mean": 3833.181102362205,
      "fist_mean": 1500.611111111111,
      "open_std": 164.92609592063866,
      "fist_std": 685.8319177282482,
      "observed_min": 875.0,
      "observed_max": 4095.0
    }
  }
}