{
  "timestamp": "2026-05-13T21:24:05.731377",
  "metadata": {
    "sensor_ranges": [
      0,
      1023
    ],
    "duration_seconds": 10,
    "num_samples": 733,
    "preparation_time": 5,
    "notes": "Metadata section is preserved but not used when loading calibration. See 'calibration' section for actual sensor statistics."
  },
  "calibration": {
    "sensor_0": {
      "min": 2213.0,
      "max": 4095.0,
      "range": 1882.0,
      "open_mean": 4005.4381720430106,
      "fist_mean": 2623.0027700831024,
      "open_std": 149.65879952350508,
      "fist_std": 481.950023334687,
      "observed_min": 2005.0,
      "observed_max": 4095.0
    },
    "sensor_1": {
      "min": 1271.0,
      "max": 4015.6000000000004,
      "range": 2744.6000000000004,
      "open_mean": 3747.5833333333335,
      "fist_mean": 1861.662049861496,
      "open_std": 267.0891732362395,
      "fist_std": 907.9136320433959,
      "observed_min": 44.0,
      "observed_max": 4095.0
    },
    "sensor_2": {
      "min": 1518.0,
      "max": 3901.8,
      "range": 2383.8,
      "open_mean": 3333.4435483870966,
      "fist_mean": 1979.2105263157894,
      "open_std": 331.061283789018,
      "fist_std": 711.6036310881063,
      "observed_min": 1380.0,
      "observed_max": 4095.0
    },
    "sensor_3": {
      "min": 2091.0,
      "max": 4095.0,
      "range": 2004.0,
      "open_mean": 4013.3790322580644,
      "fist_mean": 2563.983379501385,
      "open_std": 86.80618738507751,
      "fist_std": 732.1886367070932,
      "observed_min": 1735.0,
      "observed_max": 4095.0
    },
    "sensor_4": {
      "min": 1360.0,
      "max": 4010.7000000000003,
      "range": 2650.7000000000003,
      "open_mean": 3865.0403225806454,
      "fist_mean": 1880.1385041551246,
      "open_std": 189.81644130205083,
      "fist_std": 767.3415273867306,
      "observed_min": 1245.0,
      "observed_max": 4095.0
    }
  }
}